barcode,sku,product_name,size,price_tag,cost_price,quantity,import_date,gender,season,category,brand
8300958474833,F4403-300,Half Terry Socks Top Quality,39/42,8.9,3.13096555,60,5/14/2026,UNISEX,SS26,Accessories,FILA
8300958474840,F4403-300,Half Terry Socks Top Quality,43/46,8.9,3.14820027,60,5/14/2026,UNISEX,SS26,Accessories,FILA
8300958474581,F4403-300,Half Terry Socks Top Quality,35/38,8.9,3.141033004,24,5/14/2026,UNISEX,SS26,Accessories,FILA
8300958474550,F4403-200,Half Terry Socks Top Quality,35/38,8.9,3.115483026,12,5/14/2026,UNISEX,SS26,Accessories,FILA
8300958474567,F4403-200,Half Terry Socks Top Quality,39/42,8.9,3.115483026,48,5/14/2026,UNISEX,SS26,Accessories,FILA
8300958474574,F4403-200,Half Terry Socks Top Quality,43/46,8.9,3.126882247,60,5/14/2026,UNISEX,SS26,Accessories,FILA
8300958140127,F8338-300,Quarter Junior Socks,23/26,7.9,2.351307944,24,5/14/2026,Kids,SS26,Accessories,FILA
8300958140134,F8338-300,Quarter Junior Socks,27/30,7.9,2.370590946,24,5/14/2026,Kids,SS26,Accessories,FILA
8300958140141,F8338-300,Quarter Junior Socks,31/34,7.9,2.370590946,24,5/14/2026,Kids,SS26,Accessories,FILA
8300958910157,F9100-300,Half Terry Socks,35/38,7.9,2.468873341,48,5/14/2026,UNISEX,SS26,Accessories,FILA
8300958910201,F9100-300,Half Terry Socks,39/42,7.9,2.468873341,48,5/14/2026,UNISEX,SS26,Accessories,FILA
8300958910256,F9100-300,Half Terry Socks,43/46,7.9,2.468873341,48,5/14/2026,UNISEX,SS26,Accessories,FILA
8300958910164,F9100-200,Half Terry Socks,35/38,7.9,2.468873341,48,5/14/2026,UNISEX,SS26,Accessories,FILA
8300958910218,F9100-200,Half Terry Socks,39/42,7.9,2.468873341,48,5/14/2026,UNISEX,SS26,Accessories,FILA
8300958910263,F9100-200,Half Terry Socks,43/46,7.9,2.468873341,48,5/14/2026,UNISEX,SS26,Accessories,FILA
8300958946101,F9100-321,Half Terry Socks,39/42,7.9,2.468873341,48,5/14/2026,UNISEX,SS26,Accessories,FILA
8300958946118,F9100-321,Half Terry Socks,43/46,7.9,2.468873341,48,5/14/2026,UNISEX,SS26,Accessories,FILA
8300958930261,F9303-300,Quarter Plain Socks,35/38,7.9,2.468873341,12,5/14/2026,UNISEX,SS26,Accessories,FILA
8300958930278,F9303-300,Quarter Plain Socks,39/42,7.9,2.477906686,48,5/14/2026,UNISEX,SS26,Accessories,FILA
8300958930285,F9303-300,Quarter Plain Socks,43/46,7.9,2.483819421,48,5/14/2026,UNISEX,SS26,Accessories,FILA
8300958930292,F9303-200,Quarter Plain Socks,35/38,7.9,2.468873341,12,5/14/2026,UNISEX,SS26,Accessories,FILA
8300958930308,F9303-200,Quarter Plain Socks,39/42,7.9,2.473570681,24,5/14/2026,UNISEX,SS26,Accessories,FILA
8300958930315,F9303-200,Quarter Plain Socks,43/46,7.9,2.473570681,24,5/14/2026,UNISEX,SS26,Accessories,FILA
8300958930360,F9303-321,Quarter Plain Socks,39/42,7.9,2.468873341,12,5/14/2026,UNISEX,SS26,Accessories,FILA
8300958930377,F9303-321,Quarter Plain Socks,43/46,7.9,2.468873341,12,5/14/2026,UNISEX,SS26,Accessories,FILA
8059003075074,F9910-200,JUNIOR NORMAL PLAIN SOCKS,27/30,7.9,2.351307944,12,5/14/2026,KIDS,SS26,Accessories,FILA
8059003075081,F9910-200,JUNIOR NORMAL PLAIN SOCKS,31/34,7.9,2.351307944,12,5/14/2026,KIDS,SS26,Accessories,FILA
8059003075098,F9910-200,JUNIOR NORMAL PLAIN SOCKS,35/38,7.9,2.351307944,12,5/14/2026,KIDS,SS26,Accessories,FILA
8059003075104,F9910-300,JUNIOR NORMAL PLAIN SOCKS,27/30,7.9,2.351307944,24,5/14/2026,KIDS,SS26,Accessories,FILA
8059003075111,F9910-300,JUNIOR NORMAL PLAIN SOCKS,31/34,7.9,2.351307944,24,5/14/2026,KIDS,SS26,Accessories,FILA
8059003075128,F9910-300,JUNIOR NORMAL PLAIN SOCKS,35/38,7.9,2.351307944,24,5/14/2026,KIDS,SS26,Accessories,FILA
8059003075197,F9910-807,JUNIOR NORMAL PLAIN SOCKS,27/30,7.9,2.351307944,24,5/14/2026,KIDS,SS26,Accessories,FILA
8059003075166,F9910-736,JUNIOR NORMAL PLAIN SOCKS,27/30,7.9,2.351307944,24,5/14/2026,KIDS,SS26,Accessories,FILA
8059003075173,F9910-736,JUNIOR NORMAL PLAIN SOCKS,31/34,7.9,2.351307944,24,5/14/2026,KIDS,SS26,Accessories,FILA
8059003075203,F9910-807,JUNIOR NORMAL PLAIN SOCKS,31/34,7.9,2.351307944,24,5/14/2026,KIDS,SS26,Accessories,FILA
8300958910379,F9300-200,Quarter Plain Socks,35/38,7.9,2.243897258,24,5/14/2026,UNISEX,SS26,Accessories,FILA
8300958910423,F9300-200,Quarter Plain Socks,39/42,7.9,2.226143873,96,5/14/2026,UNISEX,SS26,Accessories,FILA
8300958910478,F9300-200,Quarter Plain Socks,43/46,7.9,2.221564072,96,5/14/2026,UNISEX,SS26,Accessories,FILA
8300958910362,F9300-300,Quarter Plain Socks,35/38,7.9,2.231086492,36,5/14/2026,UNISEX,SS26,Accessories,FILA
8300958910416,F9300-300,Quarter Plain Socks,39/42,7.9,2.188927166,96,5/14/2026,UNISEX,SS26,Accessories,FILA
8300958910461,F9300-300,Quarter Plain Socks,43/46,7.9,2.181392672,96,5/14/2026,UNISEX,SS26,Accessories,FILA
8059003074930,F9300-722,Quarter Plain Socks,35/38,7.9,2.468873341,24,5/14/2026,UNISEX,SS26,Accessories,FILA
8059003074947,F9300-722,Quarter Plain Socks,39/42,7.9,2.468873341,24,5/14/2026,UNISEX,SS26,Accessories,FILA
8300958924765,F9630-300,PLAIN SOCKS,39/42,7.9,2.704004136,12,5/14/2026,UNISEX,SS26,Accessories,FILA
8300958924772,F9630-300,PLAIN SOCKS,43/46,8.9,2.704004136,12,5/14/2026,UNISEX,SS26,Accessories,FILA
8300958924796,F9630-200,PLAIN SOCKS,39/42,8.9,2.704004136,12,5/14/2026,UNISEX,SS26,Accessories,FILA
8300958924802,F9630-200,PLAIN SOCKS,43/46,8.9,2.704004136,12,5/14/2026,UNISEX,SS26,Accessories,FILA
8300958882645,F9803-300,Quarter Half Terry Socks,35/38,8.9,2.956183926,36,5/14/2026,UNISEX,SS26,Accessories,FILA
8300958882652,F9803-300,Quarter Half Terry Socks,39/42,8.9,2.953741085,60,5/14/2026,UNISEX,SS26,Accessories,FILA
8300958882669,F9803-300,Quarter Half Terry Socks,43/46,8.9,2.968566881,60,5/14/2026,UNISEX,SS26,Accessories,FILA
8300958882676,F9803-200,Quarter Half Terry Socks,35/38,8.9,2.93913493,24,5/14/2026,UNISEX,SS26,Accessories,FILA
8300958927186,F9505-300,CREW TENNIS FULL TERRY,35/38,7.9,2.0945232,36,5/14/2026,UNISEX,SS26,Accessories,FILA
8300958926196,F9505-300,CREW TENNIS FULL TERRY,39/42,7.9,2.05496885,60,5/14/2026,UNISEX,SS26,Accessories,FILA
8300958926202,F9505-300,CREW TENNIS FULL TERRY,43/46,7.9,1.935274181,60,5/14/2026,UNISEX,SS26,Accessories,FILA
8300958927193,F9505-200,CREW TENNIS FULL TERRY,35/38,7.9,2.468873341,24,5/14/2026,UNISEX,SS26,Accessories,FILA
8300958927209,F9505-200,CREW TENNIS FULL TERRY,39/42,7.9,1.923929729,48,5/14/2026,UNISEX,SS26,Accessories,FILA
8300958927216,F9505-200,CREW TENNIS FULL TERRY,43/46,7.9,1.521033249,48,5/14/2026,UNISEX,SS26,Accessories,FILA
8300958852884,F9505-700,CREW TENNIS FULL TERRY,39/42,7.9,1.600195684,24,5/14/2026,UNISEX,SS26,Accessories,FILA
8300958852891,F9505-700,CREW TENNIS FULL TERRY,43/46,7.9,1.557414283,24,5/14/2026,UNISEX,SS26,Accessories,FILA
8300958927261,F9505-321,CREW TENNIS FULL TERRY,39/42,7.9,2.468873341,24,5/14/2026,UNISEX,SS26,Accessories,FILA
8300958927278,F9505-321,CREW TENNIS FULL TERRY,43/46,7.9,2.468873341,24,5/14/2026,UNISEX,SS26,Accessories,FILA
8059003074886,F9575-722,CREW TENNIS FULL TERRY,35/38,8.9,2.704004136,12,5/14/2026,UNISEX,SS26,Accessories,FILA
8059003074879,F9575-722,CREW TENNIS FULL TERRY,39/42,8.9,2.704004136,12,5/14/2026,UNISEX,SS26,Accessories,FILA
8059003021415,F9575-200,CREW TENNIS FULL TERRY,39/42,8.9,2.73908167,24,5/14/2026,UNISEX,SS26,Accessories,FILA
8059003021422,F9575-200,CREW TENNIS FULL TERRY,43/46,8.9,2.726179588,24,5/14/2026,UNISEX,SS26,Accessories,FILA
8059003021446,F9575-300,CREW TENNIS FULL TERRY,39/42,8.9,2.724312182,48,5/14/2026,UNISEX,SS26,Accessories,FILA
8059003021453,F9575-300,CREW TENNIS FULL TERRY,43/46,8.9,2.727983693,48,5/14/2026,UNISEX,SS26,Accessories,FILA
8300958137981,F9100-200/9,Half Terry Socks,39/42,19.9,7.406620024,24,5/14/2026,UNISEX,SS26,Accessories,FILA
8300958137998,F9100-200/9,Half Terry Socks,43/46,19.9,7.406620024,24,5/14/2026,UNISEX,SS26,Accessories,FILA
8300958138032,F9300-200/9,Quarter Plain Socks,35/38,19.9,7.406620024,12,5/14/2026,UNISEX,SS26,Accessories,FILA
8300958138049,F9300-200/9,Quarter Plain Socks,39/42,19.9,7.406620024,24,5/14/2026,UNISEX,SS26,Accessories,FILA
8300958138056,F9300-200/9,Quarter Plain Socks,43/46,19.9,7.406620024,24,5/14/2026,UNISEX,SS26,Accessories,FILA
8300958138001,F9300-300/9,Quarter Plain Socks,35/38,19.9,7.406620024,12,5/14/2026,UNISEX,SS26,Accessories,FILA
8300958138018,F9300-300/9,Quarter Plain Socks,39/42,19.9,7.406620024,36,5/14/2026,UNISEX,SS26,Accessories,FILA
8300958138025,F9300-300/9,Quarter Plain Socks,43/46,19.9,7.406620024,36,5/14/2026,UNISEX,SS26,Accessories,FILA
8300958017153,F9505-300/9,CREW TENNIS FULL TERRY,39/42,19.9,7.516083028,12,5/14/2026,UNISEX,SS26,Accessories,FILA
8300958017160,F9505-300/9,CREW TENNIS FULL TERRY,43/46,19.9,7.535056615,12,5/14/2026,UNISEX,SS26,Accessories,FILA
8300958017122,F9505-200/9,CREW TENNIS FULL TERRY,39/42,19.9,7.523380561,12,5/14/2026,UNISEX,SS26,Accessories,FILA
8300958017139,F9505-200/9,CREW TENNIS FULL TERRY,43/46,19.9,7.545524801,12,5/14/2026,UNISEX,SS26,Accessories,FILA
8059003070109,FU5381-321/2,FILA BOXER ELASTIC BAND 3 CM/2,M,16.9,5.643139066,6,5/14/2026,MALE,SS26,Accessories,FILA
8059003070116,FU5381-321/2,FILA BOXER ELASTIC BAND 3 CM/2,L,16.9,5.643139066,12,5/14/2026,MALE,SS26,Accessories,FILA
8059003070123,FU5381-321/2,FILA BOXER ELASTIC BAND 3 CM/2,XL,16.9,5.643139066,12,5/14/2026,MALE,SS26,Accessories,FILA
8059003070130,FU5381-321/2,FILA BOXER ELASTIC BAND 3 CM/2,XXL,16.9,5.643139066,6,5/14/2026,MALE,SS26,Accessories,FILA
8059003070154,FU5381-200/2,FILA BOXER ELASTIC BAND 3 CM/2,M,16.9,5.643139066,6,5/14/2026,MALE,SS26,Accessories,FILA
8059003070161,FU5381-200/2,FILA BOXER ELASTIC BAND 3 CM/2,L,16.9,5.643139066,12,5/14/2026,MALE,SS26,Accessories,FILA
8059003070178,FU5381-200/2,FILA BOXER ELASTIC BAND 3 CM/2,XL,16.9,5.643139066,12,5/14/2026,MALE,SS26,Accessories,FILA
8059003070185,FU5381-200/2,FILA BOXER ELASTIC BAND 3 CM/2,XXL,16.9,5.643139066,12,5/14/2026,MALE,SS26,Accessories,FILA
8300958204010,FU5004-321/2,BOXER ELASTIC BAND 3CM/2,M,16.9,5.643139066,6,5/14/2026,MALE,SS26,Accessories,FILA
8300958204027,FU5004-321/2,BOXER ELASTIC BAND 3CM/2,L,16.9,5.643139066,6,5/14/2026,MALE,SS26,Accessories,FILA
8300958204034,FU5004-321/2,BOXER ELASTIC BAND 3CM/2,XL,16.9,5.643139066,6,5/14/2026,MALE,SS26,Accessories,FILA
8300958204041,FU5004-321/2,BOXER ELASTIC BAND 3CM/2,XXL,16.9,5.643139066,6,5/14/2026,MALE,SS26,Accessories,FILA
8300958203907,FU5004-300/2,BOXER ELASTIC BAND 3CM/2,S,16.9,5.643139066,6,5/14/2026,MALE,SS26,Accessories,FILA
8300958203914,FU5004-300/2,BOXER ELASTIC BAND 3CM/2,M,16.9,5.643139066,6,5/14/2026,MALE,SS26,Accessories,FILA
8300958203921,FU5004-300/2,BOXER ELASTIC BAND 3CM/2,L,16.9,5.643139066,12,5/14/2026,MALE,SS26,Accessories,FILA
8300958203938,FU5004-300/2,BOXER ELASTIC BAND 3CM/2,XL,16.9,5.643139066,6,5/14/2026,MALE,SS26,Accessories,FILA
8300958203945,FU5004-300/2,BOXER ELASTIC BAND 3CM/2,XXL,16.9,5.643139066,6,5/14/2026,MALE,SS26,Accessories,FILA
8300958203969,FU5004-200/2,BOXER ELASTIC BAND 3CM/2,M,16.9,5.643139066,12,5/14/2026,MALE,SS26,Accessories,FILA
8300958203976,FU5004-200/2,BOXER ELASTIC BAND 3CM/2,L,16.9,5.643139066,18,5/14/2026,MALE,SS26,Accessories,FILA
8300958203983,FU5004-200/2,BOXER ELASTIC BAND 3CM/2,XL,16.9,5.643139066,18,5/14/2026,MALE,SS26,Accessories,FILA
8300958203990,FU5004-200/2,BOXER ELASTIC BAND 3CM/2,XXL,16.9,5.643139066,12,5/14/2026,MALE,SS26,Accessories,FILA
8300958206229,FU5016-321,BOXER ELASTIC BAND 3CM,M,9.9,2.665018546,6,5/14/2026,MALE,SS26,Accessories,FILA
8300958206236,FU5016-321,BOXER ELASTIC BAND 3CM,L,9.9,2.62143388,6,5/14/2026,MALE,SS26,Accessories,FILA
8300958206243,FU5016-321,BOXER ELASTIC BAND 3CM,XL,9.9,2.609783733,12,5/14/2026,MALE,SS26,Accessories,FILA
8300958206250,FU5016-321,BOXER ELASTIC BAND 3CM,XXL,9.9,2.809977598,12,5/14/2026,MALE,SS26,Accessories,FILA
8300958206175,FU5016-200,BOXER ELASTIC BAND 3CM,M,9.9,2.562733561,12,5/14/2026,MALE,SS26,Accessories,FILA
8300958206182,FU5016-200,BOXER ELASTIC BAND 3CM,L,9.9,2.552482616,12,5/14/2026,MALE,SS26,Accessories,FILA
8300958206199,FU5016-200,BOXER ELASTIC BAND 3CM,XL,9.9,2.535743541,12,5/14/2026,MALE,SS26,Accessories,FILA
8300958206205,FU5016-200,BOXER ELASTIC BAND 3CM,XXL,9.9,2.60133883,12,5/14/2026,MALE,SS26,Accessories,FILA
8300958190863,FU5002-200,FILA T-SHIRT,S,15.9,4.937746683,3,5/14/2026,MALE,SS26,Accessories,FILA
8300958190870,FU5002-200,FILA T-SHIRT,M,15.9,5.016035672,6,5/14/2026,MALE,SS26,Accessories,FILA
8300958190887,FU5002-200,FILA T-SHIRT,L,15.9,4.996463424,9,5/14/2026,MALE,SS26,Accessories,FILA
8300958190894,FU5002-200,FILA T-SHIRT,XL,15.9,4.996463424,6,5/14/2026,MALE,SS26,Accessories,FILA
8300958190900,FU5002-200,FILA T-SHIRT,XXL,15.9,5.031693469,3,5/14/2026,MALE,SS26,Accessories,FILA
8300958190917,FU5002-300,FILA T-SHIRT,S,15.9,4.937746683,3,5/14/2026,MALE,SS26,Accessories,FILA
8300958190924,FU5002-300,FILA T-SHIRT,M,15.9,5.016035672,6,5/14/2026,MALE,SS26,Accessories,FILA
8300958190931,FU5002-300,FILA T-SHIRT,L,15.9,4.980449768,9,5/14/2026,MALE,SS26,Accessories,FILA
8300958190948,FU5002-300,FILA T-SHIRT,XL,15.9,5.016035672,6,5/14/2026,MALE,SS26,Accessories,FILA
8300958190955,FU5002-300,FILA T-SHIRT,XXL,15.9,5.055180166,3,5/14/2026,MALE,SS26,Accessories,FILA
8300958208629,FU5020-300/2,FILA BOXER ELASTIC BAND 3CM/2,M,16.9,5.643139066,6,5/14/2026,MALE,SS26,Accessories,FILA
8300958208636,FU5020-300/2,FILA BOXER ELASTIC BAND 3CM/2,L,16.9,5.643139066,6,5/14/2026,MALE,SS26,Accessories,FILA
8300958208643,FU5020-300/2,FILA BOXER ELASTIC BAND 3CM/2,XL,16.9,5.643139066,6,5/14/2026,MALE,SS26,Accessories,FILA
8300958208650,FU5020-300/2,FILA BOXER ELASTIC BAND 3CM/2,XXL,16.9,5.643139066,6,5/14/2026,MALE,SS26,Accessories,FILA
8300958195844,FU5020-321/2,FILA BOXER ELASTIC BAND 3CM/2,M,16.9,5.643139066,6,5/14/2026,MALE,SS26,Accessories,FILA
8300958195851,FU5020-321/2,FILA BOXER ELASTIC BAND 3CM/2,L,16.9,5.643139066,6,5/14/2026,MALE,SS26,Accessories,FILA
8300958195868,FU5020-321/2,FILA BOXER ELASTIC BAND 3CM/2,XL,16.9,5.643139066,6,5/14/2026,MALE,SS26,Accessories,FILA
8300958195875,FU5020-321/2,FILA BOXER ELASTIC BAND 3CM/2,XXL,16.9,5.643139066,6,5/14/2026,MALE,SS26,Accessories,FILA
8300958209411,FU5038-300,BRIEFS,M,8.9,2.704004136,6,5/14/2026,MALE,SS26,Accessories,FILA
8300958209428,FU5038-300,BRIEFS,L,8.9,2.704004136,12,5/14/2026,MALE,SS26,Accessories,FILA
8300958209435,FU5038-300,BRIEFS,XL,8.9,2.704004136,12,5/14/2026,MALE,SS26,Accessories,FILA
8300958209442,FU5038-300,BRIEFS,XXL,8.9,2.704004136,6,5/14/2026,MALE,SS26,Accessories,FILA
8300958209466,FU5038-321,BRIEFS,M,8.9,2.704004136,6,5/14/2026,MALE,SS26,Accessories,FILA
8300958209473,FU5038-321,BRIEFS,L,8.9,2.704004136,6,5/14/2026,MALE,SS26,Accessories,FILA
8300958209480,FU5038-321,BRIEFS,XL,8.9,2.704004136,6,5/14/2026,MALE,SS26,Accessories,FILA
8300958209497,FU5038-321,BRIEFS,XXL,8.9,2.704004136,6,5/14/2026,MALE,SS26,Accessories,FILA
8300958209565,FU5038-200,BRIEFS,M,8.9,2.704004136,6,5/14/2026,MALE,SS26,Accessories,FILA
8300958209572,FU5038-200,BRIEFS,L,8.9,2.704004136,12,5/14/2026,MALE,SS26,Accessories,FILA
8300958209589,FU5038-200,BRIEFS,XL,8.9,2.729727661,12,5/14/2026,MALE,SS26,Accessories,FILA
8300958209596,FU5038-200,BRIEFS,XXL,8.9,2.704004136,6,5/14/2026,MALE,SS26,Accessories,FILA
8300958190771,FU5001-300,FILA T-SHIRT,M,15.9,4.937746683,3,5/14/2026,MALE,SS26,Accessories,FILA
8300958190788,FU5001-300,FILA T-SHIRT,L,15.9,4.937746683,6,5/14/2026,MALE,SS26,Accessories,FILA
8300958190795,FU5001-300,FILA T-SHIRT,XL,15.9,4.937746683,3,5/14/2026,MALE,SS26,Accessories,FILA
8059003053539,FU5053-200/2,ROUND NECK T-SHIRT/2,S,19.9,7.17148923,3,5/14/2026,MALE,SS26,Accessories,FILA
8059003053546,FU5053-200/2,ROUND NECK T-SHIRT/2,M,19.9,7.17148923,3,5/14/2026,MALE,SS26,Accessories,FILA
8059003053553,FU5053-200/2,ROUND NECK T-SHIRT/2,L,19.9,7.17148923,6,5/14/2026,MALE,SS26,Accessories,FILA
8059003053560,FU5053-200/2,ROUND NECK T-SHIRT/2,XL,19.9,7.17148923,3,5/14/2026,MALE,SS26,Accessories,FILA
8059003053577,FU5053-200/2,ROUND NECK T-SHIRT/2,XXL,19.9,7.17148923,3,5/14/2026,MALE,SS26,Accessories,FILA
8059003053584,FU5053-300/2,ROUND NECK T-SHIRT/2,S,19.9,7.17148923,3,5/14/2026,MALE,SS26,Accessories,FILA
8059003053591,FU5053-300/2,ROUND NECK T-SHIRT/2,M,19.9,7.17148923,3,5/14/2026,MALE,SS26,Accessories,FILA
8059003053607,FU5053-300/2,ROUND NECK T-SHIRT/2,L,19.9,7.17148923,6,5/14/2026,MALE,SS26,Accessories,FILA
8059003053614,FU5053-300/2,ROUND NECK T-SHIRT/2,XL,19.9,7.17148923,3,5/14/2026,MALE,SS26,Accessories,FILA
8059003053621,FU5053-300/2,ROUND NECK T-SHIRT/2,XXL,19.9,7.17148923,3,5/14/2026,MALE,SS26,Accessories,FILA
8300958207943,FU5016-300/2,BOXER ELASTIC BAND 3CM/2,M,16.9,5.643139066,12,5/14/2026,MALE,SS26,Accessories,FILA
8300958207950,FU5016-300/2,BOXER ELASTIC BAND 3CM/2,L,16.9,5.643139066,6,5/14/2026,MALE,SS26,Accessories,FILA
8300958207967,FU5016-300/2,BOXER ELASTIC BAND 3CM/2,XL,16.9,5.643139066,6,5/14/2026,MALE,SS26,Accessories,FILA
8300958208001,FU5016-321/2,BOXER ELASTIC BAND 3CM/2,M,16.9,5.643139066,6,5/14/2026,MALE,SS26,Accessories,FILA
8300958208018,FU5016-321/2,BOXER ELASTIC BAND 3CM/2,L,16.9,5.643139066,6,5/14/2026,MALE,SS26,Accessories,FILA
8300958208025,FU5016-321/2,BOXER ELASTIC BAND 3CM/2,XL,16.9,5.643139066,6,5/14/2026,MALE,SS26,Accessories,FILA
8300958208032,FU5016-321/2,BOXER ELASTIC BAND 3CM/2,XXL,16.9,5.643139066,6,5/14/2026,MALE,SS26,Accessories,FILA
8300958200210,FU5004-300,BOXER ELASTIC BAND 3CM,M,9.9,2.284777743,6,5/14/2026,MALE,SS26,Accessories,FILA
8300958200227,FU5004-300,BOXER ELASTIC BAND 3CM,L,9.9,2.003911464,6,5/14/2026,MALE,SS26,Accessories,FILA
8300958200234,FU5004-300,BOXER ELASTIC BAND 3CM,XL,9.9,1.941979476,12,5/14/2026,MALE,SS26,Accessories,FILA
8300958200241,FU5004-300,BOXER ELASTIC BAND 3CM,XXL,9.9,2.361505026,6,5/14/2026,MALE,SS26,Accessories,FILA
8300958200333,FU5004-321,BOXER ELASTIC BAND 3CM,XL,9.9,1.625577034,6,5/14/2026,MALE,SS26,Accessories,FILA
8300958200340,FU5004-321,BOXER ELASTIC BAND 3CM,XXL,9.9,2.175653972,6,5/14/2026,MALE,SS26,Accessories,FILA
8300958200265,FU5004-200,BOXER ELASTIC BAND 3CM,M,9.9,2.284777743,6,5/14/2026,MALE,SS26,Accessories,FILA
8300958200272,FU5004-200,BOXER ELASTIC BAND 3CM,L,9.9,2.092348426,6,5/14/2026,MALE,SS26,Accessories,FILA
8300958200289,FU5004-200,BOXER ELASTIC BAND 3CM,XL,9.9,2.119010052,12,5/14/2026,MALE,SS26,Accessories,FILA
8300958200296,FU5004-200,BOXER ELASTIC BAND 3CM,XXL,9.9,2.331503248,6,5/14/2026,MALE,SS26,Accessories,FILA
8300958206878,FU5020-300,FILA BOXER ELASTIC BAND 3CM,M,9.9,2.93913493,6,5/14/2026,MALE,SS26,Accessories,FILA
8300958206885,FU5020-300,FILA BOXER ELASTIC BAND 3CM,L,9.9,2.93913493,6,5/14/2026,MALE,SS26,Accessories,FILA
8300958206892,FU5020-300,FILA BOXER ELASTIC BAND 3CM,XL,9.9,2.93913493,6,5/14/2026,MALE,SS26,Accessories,FILA
8300958206922,FU5020-321,FILA BOXER ELASTIC BAND 3CM,M,9.9,2.93913493,6,5/14/2026,MALE,SS26,Accessories,FILA
8300958206939,FU5020-321,FILA BOXER ELASTIC BAND 3CM,L,9.9,2.93913493,6,5/14/2026,MALE,SS26,Accessories,FILA
8300958206946,FU5020-321,FILA BOXER ELASTIC BAND 3CM,XL,9.9,2.93913493,6,5/14/2026,MALE,SS26,Accessories,FILA
8300958206953,FU5020-321,FILA BOXER ELASTIC BAND 3CM,XXL,9.9,2.93913493,6,5/14/2026,MALE,SS26,Accessories,FILA
8300958209619,FU5039-300,BOXER,M,9.9,3.032336107,6,5/14/2026,MALE,SS26,Accessories,FILA
8300958209626,FU5039-300,BOXER,L,9.9,3.029594896,6,5/14/2026,MALE,SS26,Accessories,FILA
8300958209633,FU5039-300,BOXER,XL,9.9,3.032336107,6,5/14/2026,MALE,SS26,Accessories,FILA
8300958209640,FU5039-300,BOXER,XXL,9.9,3.002681187,6,5/14/2026,MALE,SS26,Accessories,FILA
8300958209763,FU5039-200,BOXER,M,9.9,3.02301599,6,5/14/2026,MALE,SS26,Accessories,FILA
8300958209770,FU5039-200,BOXER,L,9.9,3.040808942,6,5/14/2026,MALE,SS26,Accessories,FILA
8300958209787,FU5039-200,BOXER,XL,9.9,3.019021654,6,5/14/2026,MALE,SS26,Accessories,FILA
8300958209794,FU5039-200,BOXER,XXL,9.9,2.93913493,12,5/14/2026,MALE,SS26,Accessories,FILA
